DWA Element Code,Corresponding Ontology Object Property,Corresponding Ontology Data Property,Annotation,Corresponding Reference Table RT
HG001,hasDesignation,,,
KG001,hasDesignation,,,
HG002,hasAlternativeDesignation,,,
KG002,hasAlternativeDesignation,,,
HG101,hasStreetCode,,,
KG101,hasStreetCode,,,
HG102,hasStreetName,,,
KG102,hasStreetName,,,
HG103,hasDistrictCode,,,
KG103,hasDistrictCode,,,
HG104,hasDistrictName,,,
KG104,hasDistrictName,,,
HG105,hasMunicipalityCode,,,
KG105,hasMunicipalityCode,,,
HG106,hasAreaCode,,,
KG106,hasAreaCode,,,
HG107,hasCatchmentAreaCode,,,
KG107,hasCatchmentAreaCode,,,
HG108,hasTreatmentPlantNumber,,,
KG108,hasTreatmentPlantNumber,,,
HG301,hasSewerType,,,103
KG301,hasSewerType,,,103
HG302,hasSewerUsage,,,104
KG302,hasSewerUsage,,,104
HG303,hasYearOfConstruction,,,
KG303,hasYearOfConstruction,,,
HG304,hasMaterial,,,105
KG304,hasMaterial,,,105
HG312,hasDepth,,,
KG211,hasDepth,,,
HG401,hasFunctionalStatus,,,109
KG401,hasFunctionalStatus,,,109
HG402,hasOwner,,,110
KG402,hasOwner,,,110
HG403,hasWaterProtectionZone,,,111
KG403,hasWaterProtectionZone,,,111
HG404,hasTrafficArea,,,112
KG404,hasTrafficArea,,,112
HG405,hasGroundwaterLevel,,,113
KG405,hasGroundwaterLevel,,,113
HG406,hasFloodArea,,,114
KG406,hasFloodArea,,,114
HG407,hasStatusData,,,115
KG407,hasStatusData,,,115
HG408,hasFloodingFrequency,,,125
KG408,hasFloodingFrequency,,,125
HG409,hasSoilGroup,,,126
KG409,hasSoilGroup,,,126
HG003,hasPipeSectionTopNodeDesignation,,,
HG004,hasPipeSectionBottomNodeDesignation,,,
HG005,hasPipeSectionEndPointDesignation,,,
HG006,hasPipeSectionObjectType,,,128
HG007,hasPipeSectionConnectingPipeStationing,,,
HG008,hasPipeSectionConnectingPipeStationingDirection,,,
HG009,hasPipeSectionConnectingPipePositioning,,,
HG010,hasPipeSectionEndPointType,,,116
HG011,hasPipeSectionPipelineDesignation,,,
HG012,isChildOf,,,
HG305,hasPipeSectionProfileType,,,106
HG306,hasPipeSectionProfileWidth,,,
HG307,hasPipeSectionProfileHeight,,,
HG308,hasPipeSectionProfileLining,,,107
HG309,hasPipeSectionProfileLiningMaterial,,,105
HG310,hasPipeSectionLength,,,
HG311,hasPipeSectionGradient,,,
HG313,hasPipeSectionType,,,108
HG314,hasPipeSectionPipeLength,,,
HG315,hasPipeSectionStatusProfileDetail,,,115
HG316,hasPipeSectionSelfSupportingLining,,,
HG410,hasPipeSectionWallThickness,,,
HG411,hasPipeSectionBeddingType,,,127
HG998,,,Annotation: rdfs:comment,
HG999,,,Annotation: rdfs:comment,
KG305,hasNodeType,,,116
KG306,hasNodeStructureType,,,117
KG307,hasNodeManholeShape,,,118
KG308,hasNodeManholeLength,,,
KG309,hasNodeManholeWidth,,,
KG310,hasNodeCoverShape,,,118
KG311,hasNodeCoverMaterial,,,105
KG312,hasNodeCoverClass,,,119
KG313,hasNodeCoverWidth,,,
KG314,hasNodeCoverLength,,,
KG315,hasNodeCoverBolted,,,
KG316,hasNodeChannelShape,,,118
KG317,hasNodeChannelMaterial,,,105
KG318,hasNodeChannelWidth,,,
KG319,hasNodeChannelLength,,,
KG320,hasNodeBenchMaterial,,,105
KG321,hasNodeInternalProtection,,,120
KG322,hasNodeInternalProtectionMaterial,,,105
KG323,hasNodeClimbingAid,,,121
KG324,hasNodeNumberOfClimbingIrons,,,
KG325,hasNodeClimbingAidMaterial,,,122
KG326,hasNodeMeasurementTechnology,,,123
KG998,,,Annotation: rdfs:comment,
KG999,,,Annotation: rdfs:comment,
KA001,hasNodeStructureComponent,,,124
KA002,hasNodeStructureMaterial,,,105
KA003,hasNodeStructureQuantity,,,
KA004,hasNodeStructureHeight,,,
KA005,hasNodeStructureWidth,,,
KA006,hasNodeStructureLength,,,
KA007,hasNodeStructureShape,,,118
KA998,,,Annotation: rdfs:comment,
KA999,,,Annotation: rdfs:comment,
RT001,hasReferenceTable,,,
RT002,hasReferenceTableCode,,,
RT003,hasReferenceTableShortText,,,
RT004,hasReferenceTableLongText,,,
RT999,,,Annotation: rdfs:comment,
FD001,hasFormatVersionNumber,,,
FD002,hasFormatType,,,
GO001,hasGeometryObjectDesignation,,,
GO002,hasGeometryObjectIdentifier,,,300
GO003,hasGeometryObjectType,,,301
GO997,,,Annotation: rdfs:comment,
GO998,,,Annotation: rdfs:comment,
GO999,,,Annotation: rdfs:comment,
GP001,hasGeometryPointDesignation,,,
GP002,hasCoordinateSystem,,,
GP003,hasEasting,,,
GP004,hasNorthing,,,
GP005,hasEastCoordinate,,,
GP006,hasNorthCoordinate,,,
GP007,hasHeight,,,
GP008,hasPositionalAccuracy,,,101
GP009,hasElevationAccuracy,,,102
GP010,hasElevationSystem,,,303
GP101,hasPointType,,,304
GP102,hasOrientation,,,
GP999,,,Annotation: rdfs:comment,
HI001,hasClient,,,
KI001,hasClient,,,
HI002,hasProjectNumber,,,
KI002,hasProjectNumber,,,
HI003,hasInspectionNumber,,,
KI003,hasInspectionNumber,,,
HI004,hasInspectionReason,,,201
KI004,hasInspectionReason,,,201
HI005,hasCodingSystem,,,202
KI005,hasCodingSystem,,,202
HI006,hasCameraSystemUsed,,,
KI006,hasCameraSystemUsed,,,
HI007,hasProcessingStatus,,,215
KI007,hasProcessingStatus,,,215
HI008,hasProcessingNote,,,
KI008,hasProcessingNote,,,
HI103,hasInspectionType,,,203
KI103,hasInspectionType,,,203
HI104,,hasInspectionDateTime,,
KI104,,hasInspectionDateTime,,
HI105,,hasInspectionDateTime,,
KI105,,hasInspectionDateTime,,
HI106,hasWeather,,,204
KI106,hasWeather,,,204
HI107,hasCleaning,,,205
KI107,hasCleaning,,,205
HI108,hasTemperature,,,
KI108,hasTemperature,,,
HI109,hasBackflowPrevention,,,206
KI109,hasBackflowPrevention,,,206
HI110,hasWaterLevel,,,
KI110,hasWaterLevel,,,
HI111,hasCompany,,,
KI111,hasCompany,,,
HI112,hasInspector,,,
KI112,hasInspector,,,
HI113,hasSiteManagement,,,
KI113,hasSiteManagement,,,
HI114,hasVideoStorageMedium,,,207
KI114,hasVideoStorageMedium,,,207
HI115,hasVideoStorageMediumName,,,
KI115,hasVideoStorageMediumName,,,
HI116,hasVideoFilename,,,
KI116,hasVideoFilename,,,
HI117,hasPhotoStorageMedium,,,208
KI117,hasPhotoStorageMedium,,,208
HI201,hasReport,,,209
KI201,hasReport,,,209
HZ201,hasReport,,,209
KZ201,hasReport,,,209
HI202,,hasReportDate,,
KI202,,hasReportDate,,
HZ202,,hasReportDate,,
KZ202,,hasReportDate,,
HI203,hasReporter,,,
KI203,hasReporter,,,
HZ203,hasReporter,,,
KZ203,hasReporter,,,
HI204,,hasAssessmentDate,,
KI204,,hasAssessmentDate,,
HI205,hasAssessor,,,
KI205,hasAssessor,,,
HI206,hasMaximumConditionClassTightness,,,
KI206,hasMaximumConditionClassTightness,,,
HI207,hasMaximumConditionClassStructuralStability,,,
KI207,hasMaximumConditionClassStructuralStability,,,
HI208,hasMaximumConditionClassOperationalSafety,,,
KI208,hasMaximumConditionClassOperationalSafety,,,
HI209,hasConditionPointsTightness,,,
KI209,hasConditionPointsTightness,,,
HI210,hasConditionPointsStructuralStability,,,
KI210,hasConditionPointsStructuralStability,,,
HI211,hasConditionPointsOperationalSafety,,,
KI211,hasConditionPointsOperationalSafety,,,
HI212,hasEvaluationPointsTightness,,,
KI212,hasEvaluationPointsTightness,,,
HI213,hasEvaluationPointsStructuralStability,,,
KI213,hasEvaluationPointsStructuralStability,,,
HI214,hasEvaluationPointsOperationalSafety,,,
KI214,hasEvaluationPointsOperationalSafety,,,
HI215,hasRehabilitationRequirementNumber,,,
KI215,hasRehabilitationRequirementNumber,,,
HI216,hasAssessmentClass,,,
KI216,hasAssessmentClass,,,
HI217,hasPriority,,,
KI217,hasPriority,,,
HI101,hasPipeSectionInspectionDirection,,,
HI102,hasPipeSectionInspectionReferencePointStart,,,
HI998,,,Annotation: rdfs:comment,
HI999,,,Annotation: rdfs:comment,
HM001,hasMeasurementStation,,,
HM002,hasMeasurementValueType,,,401
HM101,hasMeasurementValue,,,
HM102,hasMeasurementUnit,,,
HM999,,,Annotation: rdfs:comment,
KI101,hasNodeInspectionVerticalReferencePoint,,,210
KI102,hasNodeInspectionCircumferentialReferencePoint,,,211
KI118,hasNodeInspectionDigitalPhotoName,,,
KI119,hasNodeInspectionOperationalSafety,,,
KI120,hasNodeInspectionCorrectCone,,,
KI121,hasNodeInspectionAmbientAir,,,212
KI122,hasNodeInspectionAmbientPhoto,,,
KI998,,,Annotation: rdfs:comment,
KI999,,,Annotation: rdfs:comment,
HZ002,hasConditionCode,,,
KZ002,hasConditionCode,,,
HZ014,hasCharacterization1,,,
KZ014,hasCharacterization1,,,
HZ015,hasCharacterization2,,,
KZ015,hasCharacterization2,,,
HZ003,hasQuantification1,,,
KZ003,hasQuantification1,,,
HZ004,hasQuantification2,,,
KZ004,hasQuantification2,,,
HZ005,hasLinearDamage,,,
KZ005,hasLinearDamage,,,
HZ006,hasPositionFrom,,,
KZ006,hasPositionFrom,,,
HZ007,hasPositionTo,,,
KZ007,hasPositionTo,,,
HZ008,hasVideoCounterReading,,,
KZ008,hasVideoCounterReading,,,
HZ009,hasImageName,,,
KZ009,hasImageName,,,
HZ010,hasLongText,,,
KZ010,hasLongText,,,
HZ011,hasConnection,,,
KZ011,hasConnection,,,
HZ017,hasStandardizedComment,,,
KZ017,hasStandardizedComment,,,
HZ204,,hasClassificationDate,,
KZ204,,hasClassificationDate,,
HZ205,hasClassifier,,,
KZ205,hasClassifier,,,
HZ206,hasConditionClassTightness,,,
KZ206,hasConditionClassTightness,,,
HZ207,hasConditionClassStructuralStability,,,
KZ207,hasConditionClassStructuralStability,,,
HZ208,hasConditionClassOperationalSafety,,,
KZ208,hasConditionClassOperationalSafety,,,
HZ997,hasCameraSpecificDataPlaceholder,,,
KZ997,hasCameraSpecificDataPlaceholder,,,
HZ001,hasPipeSectionConditionStation,,,
HZ012,hasPipeSectionConditionLining,,,
HZ016,hasPipeSectionConditionLocalizedRepair,,,213
HZ998,,,Annotation: rdfs:comment,
HZ999,,,Annotation: rdfs:comment,
KZ001,hasNodeConditionDepth,,,
KZ013,hasNodeConditionManholeArea,,,
KZ016,hasNodeConditionLocalizedRepair,,,214
KZ998,,,Annotation: rdfs:comment,
KZ999,,,Annotation: rdfs:comment,
