DWA Element Code,Corresponding Ontology Object Property,
HG001,hasDesignation,
KG001,hasDesignation,
HG002,hasAlternativeDesignation,
KG002,hasAlternativeDesignation,
HG101,hasStreetCode,
KG101,hasStreetCode,
HG102,hasStreetName,
KG102,hasStreetName,
HG103,hasDistrictCode,
KG103,hasDistrictCode,
HG104,hasDistrictName,
KG104,hasDistrictName,
HG105,hasMunicipalityCode,
KG105,hasMunicipalityCode,
HG106,hasAreaCode,
KG106,hasAreaCode,
HG107,hasCatchmentAreaCode,
KG107,hasCatchmentAreaCode,
HG108,hasTreatmentPlantNumber,
KG108,hasTreatmentPlantNumber,
HG301,hasSewerType,
KG301,hasSewerType,
HG302,hasSewerUsage,
KG302,hasSewerUsage,
HG303,hasYearOfConstruction,
KG303,hasYearOfConstruction,
HG304,hasMaterial,
KG304,hasMaterial,
HG312,hasDepth,
KG211,hasDepth,
HG401,hasFunctionalStatus,
KG401,hasFunctionalStatus,
HG402,hasOwner,
KG402,hasOwner,
HG403,hasWaterProtectionZone,
KG403,hasWaterProtectionZone,
HG404,hasTrafficArea,
KG404,hasTrafficArea,
HG405,hasGroundwaterLevel,
KG405,hasGroundwaterLevel,
HG406,hasFloodArea,
KG406,hasFloodArea,
HG407,hasStatusData,
KG407,hasStatusData,
HG408,hasFloodingFrequency,
KG408,hasFloodingFrequency,
HG409,hasSoilGroup,
KG409,hasSoilGroup,
HG003,hasPipeSectionTopNodeDesignation,
HG004,hasPipeSectionBottomNodeDesignation,
HG005,hasPipeSectionEndPointDesignation,
HG006,hasPipeSectionObjectType,
HG007,hasPipeSectionConnectingPipeStationing,
HG008,hasPipeSectionConnectingPipeStationingDirection,
HG009,hasPipeSectionConnectingPipePositioning,
HG010,hasPipeSectionEndPointType,
HG011,hasPipeSectionPipelineDesignation,
HG012,isChildOf,
HG305,hasPipeSectionProfileType,
HG306,hasPipeSectionProfileWidth,
HG307,hasPipeSectionProfileHeight,
HG308,hasPipeSectionProfileLining,
HG309,hasPipeSectionProfileLiningMaterial,
HG310,hasPipeSectionLength,
HG311,hasPipeSectionGradient,
HG313,hasPipeSectionType,
HG314,hasPipeSectionPipeLength,
HG315,hasPipeSectionStatusProfileDetail,
HG316,hasPipeSectionSelfSupportingLining,
HG410,hasPipeSectionWallThickness,
HG411,hasPipeSectionBeddingType,
HG998,Annotation: rdfs:comment,
HG999,Annotation: rdfs:comment,
KG305,hasNodeType,
KG306,hasNodeStructureType,
KG307,hasNodeManholeShape,
KG308,hasNodeManholeLength,
KG309,hasNodeManholeWidth,
KG310,hasNodeCoverShape,
KG311,hasNodeCoverMaterial,
KG312,hasNodeCoverClass,
KG313,hasNodeCoverWidth,
KG314,hasNodeCoverLength,
KG315,hasNodeCoverBolted,
KG316,hasNodeChannelShape,
KG317,hasNodeChannelMaterial,
KG318,hasNodeChannelWidth,
KG319,hasNodeChannelLength,
KG320,hasNodeBenchMaterial,
KG321,hasNodeInternalProtection,
KG322,hasNodeInternalProtectionMaterial,
KG323,hasNodeClimbingAid,
KG324,hasNodeNumberOfClimbingIrons,
KG325,hasNodeClimbingAidMaterial,
KG326,hasNodeMeasurementTechnology,
KG998,Annotation: rdfs:comment,
KG999,Annotation: rdfs:comment,
KA001,hasNodeStructureComponent,
KA002,hasNodeStructureMaterial,
KA003,hasNodeStructureQuantity,
KA004,hasNodeStructureHeight,
KA005,hasNodeStructureWidth,
KA006,hasNodeStructureLength,
KA007,hasNodeStructureShape,
KA998,Annotation: rdfs:comment,
KA999,Annotation: rdfs:comment,
RT001,hasReferenceTable,
RT002,hasReferenceTableCode,
RT003,hasReferenceTableShortText,
RT004,hasReferenceTableLongText,
RT999,Annotation: rdfs:comment,
FD001,hasFormatVersionNumber,
FD002,hasFormatType,
GO001,hasGeometryObjectDesignation,
GO002,hasGeometryObjectIdentifier,
GO003,hasGeometryObjectType,
GO997,Annotation: rdfs:comment,
GO998,Annotation: rdfs:comment,
GO999,Annotation: rdfs:comment,
GP001,hasGeometryPointDesignation,
GP002,hasCoordinateSystem,
GP003,hasEasting,
GP004,hasNorthing,
GP005,hasEastCoordinate,
GP006,hasNorthCoordinate,
GP007,hasHeight,
GP008,hasPositionalAccuracy,
GP009,hasElevationAccuracy,
GP010,hasElevationSystem,
GP101,hasPointType,
GP102,hasOrientation,
GP999,Annotation: rdfs:comment,
HI001,hasClient,
KI001,hasClient,
HI002,hasProjectNumber,
KI002,hasProjectNumber,
HI003,hasInspectionNumber,
KI003,hasInspectionNumber,
HI004,hasInspectionReason,
KI004,hasInspectionReason,
HI005,hasCodingSystem,
KI005,hasCodingSystem,
HI006,hasCameraSystemUsed,
KI006,hasCameraSystemUsed,
HI007,hasProcessingStatus,
KI007,hasProcessingStatus,
HI008,hasProcessingNote,
KI008,hasProcessingNote,
HI103,hasInspectionType,
KI103,hasInspectionType,
HI104,hasInspectionDateTime,
KI104,hasInspectionDateTime,cannot separate date and time! Figure something out here
HI105,hasInspectionDateTime,
KI105,hasInspectionDateTime,
HI106,hasWeather,
KI106,hasWeather,
HI107,hasCleaning,
KI107,hasCleaning,
HI108,hasTemperature,
KI108,hasTemperature,
HI109,hasBackflowPrevention,
KI109,hasBackflowPrevention,
HI110,hasWaterLevel,
KI110,hasWaterLevel,
HI111,hasCompany,
KI111,hasCompany,
HI112,hasInspector,
KI112,hasInspector,
HI113,hasSiteManagement,
KI113,hasSiteManagement,
HI114,hasVideoStorageMedium,
KI114,hasVideoStorageMedium,
HI115,hasVideoStorageMediumName,
KI115,hasVideoStorageMediumName,
HI116,hasVideoFilename,
KI116,hasVideoFilename,
HI117,hasPhotoStorageMedium,
KI117,hasPhotoStorageMedium,
HI201,hasReport,
KI201,hasReport,
HZ201,hasReport,
KZ201,hasReport,
HI202,hasReportDate,
KI202,hasReportDate,
HZ202,hasReportDate,
KZ202,hasReportDate,
HI203,hasReporter,
KI203,hasReporter,
HZ203,hasReporter,
KZ203,hasReporter,
HI204,hasAssessmentDate,
KI204,hasAssessmentDate,
HI205,hasAssessor,
KI205,hasAssessor,
HI206,hasMaximumConditionClassTightness,
KI206,hasMaximumConditionClassTightness,
HI207,hasMaximumConditionClassStructuralStability,
KI207,hasMaximumConditionClassStructuralStability,
HI208,hasMaximumConditionClassOperationalSafety,
KI208,hasMaximumConditionClassOperationalSafety,
HI209,hasConditionPointsTightness,
KI209,hasConditionPointsTightness,
HI210,hasConditionPointsStructuralStability,
KI210,hasConditionPointsStructuralStability,
HI211,hasConditionPointsOperationalSafety,
KI211,hasConditionPointsOperationalSafety,
HI212,hasEvaluationPointsTightness,
KI212,hasEvaluationPointsTightness,
HI213,hasEvaluationPointsStructuralStability,
KI213,hasEvaluationPointsStructuralStability,
HI214,hasEvaluationPointsOperationalSafety,
KI214,hasEvaluationPointsOperationalSafety,
HI215,hasRehabilitationRequirementNumber,
KI215,hasRehabilitationRequirementNumber,
HI216,hasAssessmentClass,
KI216,hasAssessmentClass,
HI217,hasPriority,
KI217,hasPriority,
HI101,hasPipeSectionInspectionDirection,
HI102,hasPipeSectionInspectionReferencePointStart,
HI998,Annotation: rdfs:comment,
HI999,Annotation: rdfs:comment,
HM001,hasMeasurementStation,
HM002,hasMeasurementValueType,
HM101,hasMeasurementValue,
HM102,hasMeasurementUnit,
HM999,Annotation: rdfs:comment,
KI101,hasNodeInspectionVerticalReferencePoint,
KI102,hasNodeInspectionCircumferentialReferencePoint,
KI118,hasNodeInspectionDigitalPhotoName,
KI119,hasNodeInspectionOperationalSafety,
KI120,hasNodeInspectionCorrectCone,
KI121,hasNodeInspectionAmbientAir,
KI122,hasNodeInspectionAmbientPhoto,
KI998,Annotation: rdfs:comment,
KI999,Annotation: rdfs:comment,
HZ002,hasConditionCode,
KZ002,hasConditionCode,
HZ014,hasCharacterization1,
KZ014,hasCharacterization1,
HZ015,hasCharacterization2,
KZ015,hasCharacterization2,
HZ003,hasQuantification1,
KZ003,hasQuantification1,
HZ004,hasQuantification2,
KZ004,hasQuantification2,
HZ005,hasLinearDamage,
KZ005,hasLinearDamage,
HZ006,hasPositionFrom,
KZ006,hasPositionFrom,
HZ007,hasPositionTo,
KZ007,hasPositionTo,
HZ008,hasVideoCounterReading,
KZ008,hasVideoCounterReading,
HZ009,hasImageName,
KZ009,hasImageName,
HZ010,hasLongText,
KZ010,hasLongText,
HZ011,hasConnection,
KZ011,hasConnection,
HZ017,hasStandardizedComment,
KZ017,hasStandardizedComment,
HZ204,hasClassificationDate,
KZ204,hasClassificationDate,
HZ205,hasClassifier,
KZ205,hasClassifier,
HZ206,hasConditionClassTightness,
KZ206,hasConditionClassTightness,
HZ207,hasConditionClassStructuralStability,
KZ207,hasConditionClassStructuralStability,
HZ208,hasConditionClassOperationalSafety,
KZ208,hasConditionClassOperationalSafety,
HZ997,hasCameraSpecificDataPlaceholder,
KZ997,hasCameraSpecificDataPlaceholder,
HZ001,hasPipeSectionConditionStation,
HZ012,hasPipeSectionConditionLining,
HZ016,hasPipeSectionConditionLocalizedRepair,
HZ998,Annotation: rdfs:comment,
HZ999,Annotation: rdfs:comment,
KZ001,hasNodeConditionDepth,
KZ013,hasNodeConditionManholeArea,
KZ016,hasNodeConditionLocalizedRepair,
KZ998,Annotation: rdfs:comment,
KZ999,Annotation: rdfs:comment,
